title,description,content,url,published_at,source,sentiment_score
Boost Your Knowledge With Cindyfreetips – Expert Advice,"Looking for ways to upgrade your daily routine? cindyfreetips has got you covered! Spice up your schedule with simple yet…
The post Boost Your Knowledge With Cindyfreetips – Expert Advice appeared first on Blog do Android.",Looking for ways to upgrade your daily routine? cindyfreetips has got you covered! Spice up your schedule with simple yet effective strategies to boost productivity and creativity. From time-saving h… [+5115 chars]...,https://blogdoandroid.com/cindyfreetips/,2025-10-04T10:08:58Z,Blogdoandroid.com,0.0
6 essential self-hosted services I run 24/7,These QoL applications are essential for my daily tasks,"Ive been hosting applications on local hardware for years and have come across numerous tools during this time. Media streaming platforms, photo managers, game servers, ebook organizers, and a host o… [+6476 chars]...",https://www.xda-developers.com/essential-self-hosted-services-i-run-247/,2025-10-03T22:00:21Z,XDA Developers,0.0
Behind on retirement? Smart ways to catch up fast before it’s too late,"Retirement planning tips: Many older Americans worry about retirement savings, often wishing they started earlier. However, effective strategies can help catch up. From 2025, those aged 60-63 can significantly increase retirement contributions. High-yield sav…","Retirement planning tips: More than half of Americans age 50 and older worry they wont have enough money in retirement, and nearly as many say they wish they had started saving earlier, as per a repo… [+2740 chars]...",https://economictimes.indiatimes.com/news/international/us/behind-on-retirement-smart-ways-to-catch-up-fast-before-its-too-late/articleshow/124297732.cms,2025-10-03T19:38:51Z,The Times of India,1.0
PricelessTay: Helping Gen Z Grow Wealth in New Ways — After Being Priced Out of the Old,"Gen Z finance creator Taylor Price shares simple tips for budgeting, saving and investing to build wealth with confidence.","The investing information provided on this page is for educational purposes only. NerdWallet, Inc. does not offer advisory or brokerage services, nor does it recommend or advise investors to buy or s… [+6684 chars]...",https://www.nerdwallet.com/article/finance/glow-up-with-taylor-price#article,2025-10-03T11:30:55Z,NerdWallet,0.0
Rise of hyper-personalised credit score advice: Is it the right fit?,"The growth of personalised credit advice happened place because of AI’s ability to process real-time data at scale, which transformed traditional credit scoring from a one-size-fits-all model into user-centric experience.","Credit score: Large language models do not only crunch numbers, they also craft bespoke roadmaps to financial health. Instead of receiving generic tips such as pay your bills on time, what if you rec… [+2259 chars]...",https://www.livemint.com/money/personal-finance/rise-of-hyper-personalised-credit-score-advice-is-it-the-right-fit-11759325317120.html,2025-10-03T04:16:50Z,Livemint,1.0
"New 2025 wealth stats reveal how Americans are saving, spending, and stacking cash - where do you stand?","In 2025, many Americans are feeling the squeeze from rising costs and living expenses. Saving money is harder than before, with over half living paycheck to paycheck. Emergency savings are often low, making it tough to handle sudden expenses. These reports hi…","As 2025 unfolds, Americans are facing a complex financial world. While some are growing their wealth and investing more, many are still struggling to make ends meet. Savings habits are shifting, spen… [+8508 chars]...",https://economictimes.indiatimes.com/news/international/us/2025-u-s-wealth-statistics-new-2025-wealth-stats-reveal-how-americans-are-saving-spending-and-stacking-cash-where-do-you-stand/articleshow/124275655.cms,2025-10-02T18:30:51Z,The Times of India,0.0
Seniors may have to wait to see what 2026 Social Security COLA is due to shutdown,Older Americans who want to see by how much their Social Security checks will increase next year may have to wait until the government shutdown ends.,"Every year, older Americans wait for October to find out how much their monthly Social Security checks will increase next year.
This year, they may have to wait longer.
The Social Security Administ… [+4571 chars]...",https://www.usatoday.com/story/money/personalfinance/2025/10/02/government-shutdown-delay-2026-social-security-cola/86473100007/,2025-10-02T17:00:13Z,USA Today,1.0
I’m a Self-Made Millionaire: These Are the 3 Financial Influencers Who Actually Helped Me,"One self-made millionaire revealed how real estate, discipline and advice from well-known money experts helped him build lasting wealth -- no gimmicks.","There are tons of financial influencers and money experts who share financial advice online. The key is knowing who to follow and trust. GOBankingRates spoke to self-made millionaire Justin Azarias, … [+2250 chars]...",https://finance.yahoo.com/news/m-self-made-millionaire-3-155246753.html,2025-10-02T15:52:46Z,Yahoo Entertainment,0.0
George Kamel: The Budgeting Habit That Took Me From Debt to Millionaire in 10 Years,George Kamel turned budgeting from a burden into a tool for freedom — going from broke to millionaire by shifting his money mindset.,"For many people, budgeting feels like the financial version of eating your vegetables. Theyre forced to swallow spreadsheet entries of dollars in and out, leaving them hungry for something more fun.… [+4340 chars]...",https://finance.yahoo.com/news/george-kamel-budgeting-habit-took-143759920.html,2025-10-01T14:37:59Z,Yahoo Entertainment,0.0
I Spent $20 and It Changed My Entire Financial Future,It's about a simple $20 decision that completely reshaped someone's financial future.,"Sometimes the smallest choices end up making the biggest difference. Weve all heard stories of people stumbling into a lucky break, but this one isnt about winning the lottery or striking gold its ab… [+3547 chars]...",https://finance.yahoo.com/news/spent-20-changed-entire-financial-130807658.html,2025-10-01T13:08:07Z,Yahoo Entertainment,0.0
Credit card in your first job: Smart move or risky choice?,"A credit card in your first job helps young professionals build credit history, manage finances, and handle emergencies while emphasising responsible usage and understanding risks for long-term financial growth.","For young professionals aspiring to start their first job, the idea of applying for a new credit card can be both lucrative and exciting. Still, due caution must be taken before taking such a step. C… [+4127 chars]...",https://www.livemint.com/money/personal-finance/credit-card-in-your-first-job-smart-move-or-risky-choice-credit-score-11759306209048.html,2025-10-01T08:39:39Z,Livemint,1.0
Life Got Really Expensive (We’re Spending Twice as Much as I Thought),"We didn't hold our monthly budget meeting for a while last year, so we had to do a little catching up. The spending totals were shocking.
The post Life Got Really Expensive (We’re Spending Twice as Much as I Thought) appeared first on The White Coat Investor …","I fell off a mountain once, so Katie and I didn't hold our monthly budget meeting for a while. When we did, we had to do a little catching up. My part of our monthly budgeting spreadsheet is to add u… [+8566 chars]...",https://www.whitecoatinvestor.com/life-got-really-expensive/,2025-10-01T06:30:22Z,Whitecoatinvestor.com,0.0
5 Key Financial Habits of Upper-Class Retirees,"Here are five financial habits of upper-class retirees, according to experts.","Retirement doesnt look the same for everyone. While average retirees worry about outliving their savings, upper-class retirees are playing an entirely different game. Their habits go beyond basic bud… [+3769 chars]...",https://finance.yahoo.com/news/5-key-financial-habits-upper-130100206.html,2025-09-30T13:01:00Z,Yahoo Entertainment,0.0
How to fit charitable giving into your budget,There are some guiding principles to follow when it comes to giving.,"By Kimberly Palmer, NerdWallet
The investing information provided on this page is for educational purposes only. NerdWallet, Inc. does not offer advisory or brokerage services, nor does it recommend… [+5377 chars]...",https://www.bostonherald.com/2025/09/29/how-to-fit-charitable-giving-into-your-budget/,2025-09-29T13:48:38Z,Boston Herald,0.0
How to create a bare-bones budget when you’re in debt,"Freedom Debt Relief reports a bare-bones budget focuses on essential expenses, helping you cut non-essentials and allocate more funds for debt repayment.","Natasha Etzel for Freedom Debt Relief
How to create a bare-bones budget when youre in debt
Debt freedom is a goal you can reach. As you begin your debt payoff journey, changing how you manage and s… [+6639 chars]...",https://www.freedomdebtrelief.com/learn/personal-finance/how-to-create-bare-bones-budget-when-youre-in-debt/,2025-09-29T13:30:06Z,Freedomdebtrelief.com,0.0
Decommoditization of Banking: From Separate Generic Products to Contextual AI Platforms,"For decades, banks have measured success by the number of products they distribute — accounts, cards...","For decades, banks have measured success by the number of products they distribute accounts, cards, loans, mortgages scaled across as many customers as possible. But in todays digital-first world, pe… [+5485 chars]...",https://www.finextra.com/blogposting/29466/decommoditization-of-banking-from-separate-generic-products-to-contextual-ai-platforms,2025-09-29T09:33:03Z,Finextra,0.0
The Future of Banking: From Separate Products to Contextual Platforms,"For decades, banks have measured success by the number of products they distribute — accounts, cards...","For decades, banks have measured success by the number of products they distribute accounts, cards, loans, mortgages scaled across as many customers as possible. But in todays digital-first world, pe… [+5437 chars]...",https://www.finextra.com/blogposting/29466/the-future-of-banking-from-separate-products-to-contextual-platforms,2025-09-29T08:35:19Z,Finextra,0.0
Suze Orman once shared a money rule she believes is the key to financial security for Americans,It's an easy rule to follow ... in theory.,"Financial advisor/author Suze Orman visits SiriusXM Studios on February 24, 2020
We adhere to strict standards of editorial integrity to help you make decisions with confidence. Some or all links co… [+6072 chars]...",https://www.aol.com/finance/life-start-change-suze-orman-180500591.html,2025-09-28T09:13:00Z,AOL,0.0
Elevator Pitch Example That Will Land You Big Deals Instantly,"Let’s get one thing straight: if you don’t have an elevator pitch example locked and loaded, you're already missing out. Whether you're talking to a potential employer, a hiring manager, or someone casually powerful at a networking event—you need to have your…","Lets get one thing straight:if you dont have an elevator pitch example locked and loaded, you're already missing out. Whether you're talking to a potential employer, a hiring manager, or someone casu… [+17704 chars]...",https://www.dumblittleman.com/how-to-craft-killer-elevator-pitch-that/,2025-09-28T04:00:00Z,Dumblittleman.com,0.0
